RDB0,RDB1,RDB2,RDB3,RDB4,RDB5,RDB6
9,2.0,1.0,5.0,,,
9,2.0,1.0,5.0,,,
9,2.0,1.0,5.0,,,
9,2.0,1.0,5.0,,,
9,2.0,1.0,5.0,,,
9,2.0,1.0,5.0,,,
10,2.0,1.0,5.0,,,
10,2.0,1.0,5.0,,,
10,2.0,1.0,5.0,,,
10,2.0,1.0,6.0,,,
3,2.0,1.0,5.0,,,
3,2.0,1.0,6.0,,,
3,3.0,1.0,1.0,,,
3,3.0,1.0,1.0,,,
1,3.0,1.0,1.0,,,
1,8.0,1.0,1.0,,,
1,8.0,1.0,1.0,,,
1,8.0,1.0,1.0,,,
11,5.0,2.0,1.0,,,
11,7.0,2.0,1.0,,,
11,6.0,10.0,1.0,,,
12,1.0,10.0,1.0,,,
13,1.0,11.0,1.0,,,
14,1.0,13.0,1.0,,,
14,1.0,13.0,1.0,,,
14,1.0,13.0,1.0,,,
13,1.0,13.0,1.0,,,
13,1.0,13.0,1.0,,,
13,1.0,13.0,1.0,,,
13,1.0,13.0,1.0,,,
5,1.0,13.0,1.0,,,
5,1.0,13.0,1.0,,,
5,1.0,12.0,1.0,,,
5,1.0,13.0,1.0,,,
8,1.0,13.0,1.0,,,
8,1.0,13.0,1.0,,,
11,1.0,14.0,1.0,,,
11,1.0,14.0,1.0,,,
11,1.0,13.0,1.0,,,
11,1.0,13.0,1.0,,,
1,1.0,12.0,1.0,,,
1,1.0,13.0,1.0,,,
1,1.0,13.0,1.0,,,
1,1.0,13.0,1.0,,,
1,1.0,13.0,1.0,,,
1,1.0,13.0,1.0,,,
1,1.0,13.0,1.0,,,
1,1.0,13.0,1.0,,,
1,1.0,12.0,1.0,,,
1,1.0,13.0,1.0,,,
2,1.0,14.0,1.0,,,
1,1.0,13.0,1.0,,,
1,1.0,13.0,1.0,,,
1,1.0,13.0,1.0,,,
1,1.0,14.0,1.0,,,
1,1.0,14.0,1.0,,,
1,1.0,14.0,1.0,,,
14,1.0,13.0,1.0,,,
14,1.0,13.0,1.0,,,
14,1.0,14.0,1.0,,,
14,1.0,14.0,1.0,,,
14,1.0,14.0,1.0,,,
14,1.0,13.0,1.0,,,
14,1.0,14.0,1.0,,,
14,1.0,13.0,1.0,,,
14,1.0,13.0,1.0,,,
14,1.0,13.0,1.0,,,
14,1.0,13.0,1.0,,,
14,1.0,13.0,1.0,,,
14,1.0,14.0,1.0,,,
14,1.0,14.0,1.0,,,
14,1.0,14.0,1.0,,,
14,1.0,14.0,1.0,,,
14,1.0,13.0,1.0,,,
14,1.0,14.0,1.0,,,
14,1.0,14.0,1.0,,,
14,1.0,14.0,1.0,,,
14,1.0,14.0,1.0,,,
14,1.0,13.0,1.0,,,
14,1.0,14.0,1.0,,,
14,1.0,14.0,1.0,,,
14,1.0,14.0,1.0,,,
14,1.0,14.0,1.0,,,
14,1.0,14.0,1.0,,,
14,1.0,14.0,1.0,,,
14,1.0,14.0,1.0,,,
14,1.0,14.0,1.0,,,
14,1.0,13.0,1.0,,,
14,1.0,14.0,1.0,,,
14,1.0,14.0,1.0,,,
14,1.0,14.0,1.0,,,
14,1.0,14.0,1.0,,,
14,1.0,14.0,1.0,,,
14,1.0,13.0,1.0,,,
14,1.0,14.0,1.0,,,
14,1.0,14.0,1.0,,,
14,1.0,14.0,1.0,,,
14,1.0,13.0,1.0,,,
14,1.0,14.0,1.0,,,
14,1.0,1.0,1.0,,,
14,1.0,1.0,1.0,,,
14,1.0,8.0,1.0,,,
14,1.0,11.0,1.0,,,
14,1.0,11.0,1.0,,,
14,1.0,12.0,1.0,,,
14,1.0,10.0,1.0,,,
14,1.0,11.0,1.0,,,
14,1.0,11.0,1.0,,,
14,1.0,9.0,1.0,,,
14,1.0,9.0,1.0,,,
14,1.0,10.0,1.0,,,
14,1.0,12.0,1.0,,,
14,1.0,5.0,1.0,,,
14,1.0,5.0,1.0,,,
14,1.0,5.0,1.0,,,
14,1.0,1.0,1.0,,,
14,1.0,1.0,1.0,,,
14,1.0,1.0,1.0,,,
14,1.0,1.0,1.0,,,
14,1.0,1.0,1.0,,,
14,1.0,1.0,1.0,,,
14,1.0,1.0,1.0,,,
14,1.0,1.0,1.0,,,
14,1.0,1.0,1.0,,,
14,1.0,1.0,1.0,,,
14,1.0,1.0,1.0,,,
14,1.0,1.0,1.0,,,
14,1.0,1.0,1.0,,,
14,1.0,1.0,1.0,,,
14,1.0,1.0,1.0,,,
14,1.0,2.0,1.0,,,
14,1.0,2.0,1.0,,,
14,1.0,1.0,1.0,,,
14,1.0,1.0,1.0,,,
14,1.0,1.0,1.0,,,
14,1.0,1.0,1.0,,,
14,1.0,1.0,1.0,,,
14,1.0,1.0,1.0,,,
14,1.0,1.0,1.0,,,
14,1.0,1.0,1.0,,,
14,1.0,1.0,1.0,,,
14,1.0,1.0,1.0,,,
14,1.0,1.0,1.0,,,
14,1.0,1.0,1.0,,,
14,1.0,1.0,1.0,,,
14,1.0,1.0,1.0,,,
14,1.0,1.0,1.0,,,
14,1.0,1.0,1.0,,,
14,1.0,1.0,1.0,,,
14,1.0,1.0,1.0,,,
14,1.0,1.0,1.0,,,
14,1.0,1.0,1.0,,,
14,1.0,1.0,1.0,,,
13,1.0,1.0,1.0,,,
13,1.0,1.0,1.0,,,
13,1.0,1.0,1.0,,,
13,1.0,1.0,1.0,,,
13,1.0,1.0,1.0,,,
14,1.0,1.0,1.0,,,
13,1.0,1.0,1.0,,,
13,1.0,1.0,1.0,,,
13,1.0,1.0,1.0,,,
13,1.0,1.0,1.0,,,
13,1.0,1.0,1.0,,,
13,1.0,1.0,1.0,,,
13,1.0,1.0,1.0,,,
13,1.0,1.0,1.0,,,
13,1.0,1.0,1.0,,,
13,1.0,1.0,1.0,,,
13,1.0,1.0,1.0,,,
13,1.0,1.0,1.0,,,
13,1.0,1.0,1.0,,,
13,1.0,1.0,1.0,,,
13,1.0,1.0,1.0,,,
13,1.0,1.0,1.0,,,
14,1.0,1.0,1.0,,,
13,1.0,1.0,1.0,,,
13,1.0,1.0,1.0,,,
13,1.0,1.0,1.0,,,
13,1.0,1.0,1.0,,,
13,1.0,1.0,1.0,,,
13,1.0,1.0,1.0,,,
13,1.0,1.0,1.0,,,
13,1.0,1.0,1.0,,,
13,1.0,1.0,1.0,,,
13,1.0,1.0,1.0,,,
13,1.0,1.0,1.0,,,
13,1.0,1.0,1.0,,,
13,1.0,1.0,1.0,,,
13,1.0,1.0,1.0,,,
13,1.0,1.0,1.0,,,
13,1.0,1.0,1.0,,,
13,1.0,1.0,1.0,,,
13,1.0,1.0,1.0,,,
13,1.0,1.0,1.0,,,
13,1.0,1.0,1.0,,,
13,1.0,1.0,1.0,,,
13,1.0,1.0,1.0,,,
13,1.0,1.0,1.0,,,
13,1.0,1.0,1.0,,,
13,1.0,1.0,1.0,,,
13,1.0,1.0,1.0,,,
13,1.0,1.0,1.0,,,
13,1.0,1.0,1.0,,,
13,1.0,1.0,1.0,,,
13,1.0,1.0,1.0,,,
13,1.0,1.0,1.0,,,
13,1.0,1.0,1.0,,,
13,1.0,1.0,1.0,,,
13,1.0,1.0,1.0,,,
13,1.0,1.0,1.0,,,
13,1.0,1.0,1.0,,,
13,1.0,1.0,1.0,,,
13,1.0,1.0,1.0,,,
13,9.0,1.0,1.0,,,
13,9.0,1.0,1.0,,,
13,10.0,1.0,1.0,,,
13,10.0,1.0,1.0,,,
13,10.0,1.0,1.0,,,
13,10.0,1.0,1.0,,,
13,10.0,1.0,1.0,,,
13,10.0,1.0,1.0,,,
13,11.0,1.0,1.0,,,
13,11.0,1.0,1.0,,,
13,11.0,1.0,1.0,,,
13,11.0,1.0,2.0,,,
13,11.0,1.0,1.0,,,
13,12.0,1.0,1.0,,,
13,11.0,1.0,2.0,,,
13,10.0,1.0,1.0,,,
13,10.0,1.0,1.0,,,
13,10.0,1.0,1.0,,,
13,11.0,1.0,1.0,,,
13,10.0,1.0,1.0,,,
13,8.0,1.0,1.0,,,
13,7.0,1.0,1.0,,,
13,7.0,1.0,1.0,,,
13,7.0,1.0,1.0,,,
13,6.0,1.0,1.0,,,
13,7.0,1.0,1.0,,,
13,7.0,1.0,1.0,,,
13,10.0,1.0,1.0,,,
13,8.0,1.0,1.0,,,
13,7.0,1.0,1.0,,,
13,7.0,1.0,1.0,,,
13,7.0,1.0,1.0,,,
13,7.0,1.0,1.0,,,
13,7.0,1.0,1.0,,,
13,7.0,1.0,1.0,,,
13,8.0,1.0,2.0,,,
13,9.0,1.0,1.0,,,
13,9.0,1.0,1.0,,,
13,9.0,1.0,1.0,,,
13,9.0,1.0,1.0,,,
13,8.0,1.0,1.0,,,
13,8.0,1.0,1.0,,,
13,9.0,1.0,1.0,,,
13,9.0,1.0,1.0,,,
13,8.0,1.0,1.0,,,
13,9.0,1.0,1.0,,,
13,8.0,1.0,1.0,,,
13,7.0,1.0,1.0,,,
13,7.0,1.0,1.0,,,
13,7.0,1.0,1.0,,,
13,7.0,1.0,1.0,,,
13,7.0,1.0,1.0,,,
13,7.0,1.0,1.0,,,
13,6.0,1.0,1.0,,,
13,6.0,1.0,1.0,,,
13,6.0,1.0,1.0,,,
13,6.0,1.0,1.0,,,
13,6.0,1.0,1.0,,,
13,5.0,1.0,1.0,,,
13,5.0,1.0,1.0,,,
13,5.0,1.0,1.0,,,
13,5.0,1.0,1.0,,,
13,5.0,1.0,1.0,,,
13,5.0,1.0,1.0,,,
13,5.0,1.0,1.0,,,
13,5.0,1.0,1.0,,,
13,5.0,1.0,1.0,,,
13,5.0,1.0,1.0,,,
13,5.0,1.0,1.0,,,
13,4.0,1.0,1.0,,,
13,5.0,1.0,1.0,,,
13,4.0,1.0,1.0,,,
13,4.0,1.0,1.0,,,
13,4.0,1.0,1.0,,,
13,4.0,1.0,1.0,,,
13,5.0,1.0,1.0,,,
13,5.0,1.0,1.0,,,
13,4.0,1.0,1.0,,,
13,4.0,1.0,1.0,,,
13,5.0,2.0,1.0,,,
13,1.0,2.0,1.0,,,
13,5.0,1.0,3.0,,,
13,5.0,1.0,3.0,,,
13,1.0,1.0,1.0,,,
13,1.0,1.0,1.0,,,
13,1.0,1.0,1.0,,,
13,1.0,1.0,1.0,,,
13,1.0,1.0,1.0,,,
13,1.0,1.0,1.0,,,
13,1.0,1.0,1.0,,,
13,1.0,1.0,1.0,,,
13,1.0,1.0,1.0,,,
13,1.0,1.0,1.0,,,
13,1.0,1.0,1.0,,,
13,1.0,1.0,1.0,,,
13,1.0,1.0,1.0,,,
13,1.0,1.0,1.0,,,
13,1.0,1.0,1.0,,,
13,1.0,1.0,1.0,,,
13,1.0,1.0,1.0,,,
13,1.0,1.0,1.0,,,
13,1.0,1.0,1.0,,,
13,1.0,1.0,2.0,,,
13,1.0,1.0,1.0,,,
13,1.0,1.0,1.0,,,
13,1.0,1.0,1.0,,,
13,1.0,1.0,1.0,,,
13,1.0,1.0,1.0,,,
13,1.0,1.0,1.0,,,
13,1.0,1.0,1.0,,,
13,1.0,1.0,1.0,,,
13,1.0,1.0,1.0,,,
13,1.0,1.0,3.0,,,
13,1.0,1.0,1.0,,,
13,1.0,1.0,3.0,,,
13,1.0,1.0,2.0,,,
13,1.0,1.0,2.0,,,
13,1.0,1.0,3.0,,,
13,1.0,1.0,2.0,,,
13,1.0,1.0,2.0,,,
13,1.0,1.0,2.0,,,
13,1.0,1.0,2.0,,,
13,1.0,1.0,3.0,,,
13,1.0,1.0,2.0,,,
13,1.0,1.0,1.0,,,
13,1.0,1.0,1.0,,,
13,1.0,1.0,1.0,,,
13,1.0,1.0,1.0,,,
13,1.0,1.0,2.0,,,
13,1.0,1.0,1.0,,,
13,1.0,1.0,3.0,,,
13,1.0,1.0,2.0,,,
13,1.0,1.0,1.0,,,
13,1.0,1.0,2.0,,,
13,1.0,1.0,1.0,,,
13,1.0,1.0,3.0,,,
13,1.0,1.0,1.0,,,
13,1.0,1.0,1.0,,,
13,1.0,1.0,1.0,,,
13,1.0,1.0,2.0,,,
13,1.0,1.0,1.0,,,
13,1.0,1.0,1.0,,,
13,1.0,1.0,1.0,,,
13,1.0,1.0,1.0,,,
13,1.0,1.0,1.0,,,
13,1.0,1.0,1.0,,,
13,1.0,1.0,1.0,,,
13,1.0,1.0,1.0,,,
13,1.0,1.0,2.0,,,
13,1.0,1.0,1.0,,,
13,1.0,1.0,1.0,,,
13,1.0,1.0,2.0,,,
13,1.0,1.0,1.0,,,
13,1.0,1.0,2.0,,,
13,1.0,1.0,1.0,,,
13,1.0,1.0,1.0,,,
13,1.0,1.0,1.0,,,
13,1.0,1.0,1.0,,,
13,1.0,1.0,1.0,,,
13,1.0,1.0,1.0,,,
13,1.0,1.0,1.0,,,
13,1.0,1.0,2.0,,,
13,1.0,1.0,1.0,,,
13,1.0,1.0,1.0,,,
13,1.0,1.0,1.0,,,
13,1.0,1.0,1.0,,,
13,1.0,1.0,1.0,,,
13,1.0,1.0,1.0,,,
13,1.0,1.0,1.0,,,
13,1.0,1.0,1.0,,,
13,1.0,1.0,1.0,,,
13,1.0,1.0,1.0,,,
13,1.0,1.0,1.0,,,
13,1.0,1.0,1.0,,,
13,1.0,1.0,1.0,,,
13,1.0,1.0,1.0,,,
13,1.0,1.0,1.0,,,
13,1.0,1.0,1.0,,,
13,1.0,1.0,1.0,,,
13,1.0,1.0,1.0,,,
13,1.0,1.0,1.0,,,
13,1.0,1.0,1.0,,,
13,1.0,1.0,1.0,,,
13,1.0,1.0,1.0,,,
13,1.0,1.0,1.0,,,
13,1.0,1.0,1.0,,,
13,1.0,1.0,1.0,,,
13,1.0,1.0,1.0,,,
13,6.0,1.0,1.0,,,
13,6.0,1.0,1.0,,,
13,7.0,1.0,1.0,,,
13,7.0,1.0,1.0,,,
13,6.0,1.0,1.0,,,
13,6.0,1.0,1.0,,,
13,6.0,1.0,1.0,,,
13,7.0,1.0,1.0,,,
14,8.0,1.0,1.0,,,
14,8.0,1.0,1.0,,,
14,9.0,1.0,1.0,,,
14,9.0,1.0,1.0,,,
14,9.0,1.0,1.0,,,
13,9.0,1.0,1.0,,,
14,9.0,1.0,1.0,,,
14,10.0,1.0,1.0,,,
14,10.0,1.0,1.0,,,
14,9.0,1.0,1.0,,,
13,9.0,1.0,1.0,,,
13,9.0,1.0,1.0,,,
13,10.0,1.0,1.0,,,
13,10.0,1.0,1.0,,,
13,9.0,1.0,1.0,,,
13,10.0,1.0,1.0,,,
13,11.0,1.0,1.0,,,
13,11.0,1.0,1.0,,,
14,11.0,1.0,1.0,,,
13,11.0,1.0,1.0,,,
13,10.0,1.0,1.0,,,
13,10.0,1.0,1.0,,,
14,9.0,1.0,1.0,,,
13,9.0,1.0,1.0,,,
13,8.0,1.0,1.0,,,
13,8.0,1.0,1.0,,,
14,8.0,1.0,1.0,,,
13,8.0,1.0,1.0,,,
13,7.0,1.0,1.0,,,
13,7.0,1.0,1.0,,,
14,6.0,1.0,1.0,,,
14,7.0,1.0,1.0,,,
14,7.0,1.0,1.0,,,
13,8.0,1.0,1.0,,,
13,8.0,1.0,1.0,,,
13,8.0,1.0,1.0,,,
13,8.0,1.0,1.0,,,
14,6.0,1.0,1.0,,,
14,6.0,1.0,1.0,,,
14,6.0,1.0,1.0,,,
14,6.0,1.0,1.0,,,
13,7.0,1.0,1.0,,,
14,7.0,1.0,1.0,,,
14,7.0,1.0,1.0,,,
14,7.0,1.0,1.0,,,
14,10.0,1.0,1.0,,,
14,8.0,1.0,1.0,,,
14,8.0,1.0,1.0,,,
14,8.0,1.0,1.0,,,
14,9.0,1.0,1.0,,,
14,10.0,1.0,1.0,,,
14,10.0,1.0,1.0,,,
14,10.0,1.0,1.0,,,
14,10.0,1.0,1.0,,,
13,10.0,1.0,1.0,,,
13,10.0,1.0,3.0,,,
13,10.0,1.0,3.0,,,
14,9.0,1.0,1.0,,,
13,8.0,1.0,1.0,,,
14,7.0,1.0,1.0,,,
14,8.0,1.0,1.0,,,
14,8.0,1.0,1.0,,,
13,8.0,1.0,1.0,,,
13,8.0,1.0,1.0,,,
13,9.0,1.0,1.0,,,
13,7.0,1.0,1.0,,,
13,8.0,1.0,1.0,,,
13,7.0,1.0,1.0,,,
13,8.0,1.0,1.0,,,
13,7.0,1.0,1.0,,,
13,8.0,11.0,1.0,,,
13,7.0,11.0,1.0,,,
13,7.0,11.0,1.0,,,
13,7.0,11.0,1.0,,,
13,7.0,11.0,1.0,,,
13,6.0,11.0,1.0,,,
13,8.0,11.0,1.0,,,
13,9.0,11.0,1.0,,,
13,9.0,11.0,1.0,,,
14,9.0,12.0,1.0,,,
13,11.0,11.0,1.0,,,
13,10.0,11.0,1.0,,,
13,11.0,11.0,1.0,,,
13,9.0,11.0,1.0,,,
13,10.0,11.0,1.0,,,
13,10.0,10.0,1.0,,,
13,9.0,9.0,1.0,,,
13,10.0,10.0,1.0,,,
13,10.0,10.0,1.0,,,
13,9.0,10.0,1.0,,,
14,8.0,10.0,1.0,,,
13,10.0,10.0,1.0,,,
14,9.0,10.0,1.0,,,
13,8.0,10.0,1.0,,,
14,5.0,11.0,1.0,,,
13,6.0,12.0,1.0,,,
13,7.0,12.0,1.0,,,
13,6.0,11.0,1.0,,,
13,6.0,10.0,1.0,,,
13,6.0,13.0,1.0,,,
14,6.0,12.0,1.0,,,
14,5.0,13.0,1.0,,,
14,5.0,13.0,1.0,,,
13,5.0,12.0,1.0,,,
13,5.0,12.0,1.0,,,
13,4.0,12.0,1.0,,,
13,4.0,11.0,1.0,,,
13,5.0,11.0,1.0,,,
13,4.0,11.0,1.0,,,
13,3.0,11.0,1.0,,,
13,3.0,11.0,1.0,,,
13,3.0,11.0,1.0,,,
13,3.0,11.0,1.0,,,
14,3.0,12.0,1.0,,,
14,3.0,11.0,1.0,,,
13,3.0,10.0,1.0,,,
13,3.0,10.0,1.0,,,
13,3.0,9.0,1.0,,,
13,3.0,10.0,1.0,,,
14,3.0,9.0,1.0,,,
14,3.0,9.0,1.0,,,
13,3.0,10.0,1.0,,,
13,2.0,8.0,1.0,,,
14,3.0,8.0,1.0,,,
13,2.0,10.0,1.0,,,
13,2.0,9.0,1.0,,,
13,2.0,8.0,1.0,,,
14,2.0,9.0,1.0,,,
14,2.0,8.0,1.0,,,
13,2.0,8.0,1.0,,,
13,2.0,9.0,1.0,,,
14,2.0,8.0,1.0,,,
14,2.0,8.0,1.0,,,
13,2.0,8.0,1.0,,,
13,2.0,9.0,1.0,,,
13,2.0,7.0,1.0,,,
13,2.0,8.0,1.0,,,
13,2.0,8.0,1.0,,,
13,2.0,9.0,1.0,,,
13,2.0,9.0,1.0,,,
14,1.0,9.0,1.0,,,
13,1.0,9.0,1.0,,,
13,1.0,10.0,1.0,,,
13,1.0,9.0,1.0,,,
13,1.0,9.0,1.0,,,
14,1.0,9.0,1.0,,,
13,1.0,9.0,1.0,,,
13,1.0,9.0,1.0,,,
14,1.0,8.0,1.0,,,
13,1.0,7.0,1.0,,,
13,1.0,8.0,1.0,,,
13,1.0,7.0,1.0,,,
13,1.0,8.0,1.0,,,
13,1.0,8.0,1.0,,,
14,1.0,9.0,1.0,,,
13,1.0,9.0,1.0,,,
14,1.0,9.0,1.0,,,
13,1.0,9.0,1.0,,,
14,1.0,8.0,1.0,,,
14,1.0,9.0,1.0,,,
14,1.0,8.0,1.0,,,
13,1.0,8.0,1.0,,,
13,1.0,9.0,1.0,,,
13,1.0,7.0,1.0,,,
14,1.0,6.0,1.0,,,
13,1.0,8.0,1.0,,,
14,1.0,8.0,1.0,,,
14,1.0,8.0,1.0,,,
14,1.0,8.0,1.0,,,
14,1.0,7.0,1.0,,,
13,1.0,7.0,1.0,,,
13,1.0,8.0,1.0,,,
13,1.0,7.0,1.0,,,
14,1.0,6.0,1.0,,,
13,1.0,7.0,1.0,,,
13,1.0,6.0,1.0,,,
13,1.0,6.0,1.0,,,
13,1.0,5.0,1.0,,,
13,1.0,6.0,1.0,,,
13,5.0,6.0,1.0,,,
13,7.0,5.0,1.0,,,
13,1.0,5.0,1.0,,,
14,1.0,4.0,1.0,,,
14,1.0,5.0,1.0,,,
14,1.0,5.0,1.0,,,
13,1.0,3.0,1.0,,,
14,1.0,3.0,1.0,,,
14,1.0,3.0,1.0,,,
14,1.0,4.0,1.0,,,
14,1.0,4.0,1.0,,,
14,1.0,3.0,1.0,,,
14,1.0,3.0,1.0,,,
14,1.0,4.0,1.0,,,
13,1.0,4.0,1.0,,,
13,1.0,3.0,1.0,,,
14,1.0,3.0,1.0,,,
13,2.0,3.0,1.0,,,
13,2.0,3.0,1.0,,,
14,2.0,3.0,1.0,,,
13,2.0,3.0,1.0,,,
14,2.0,2.0,1.0,,,
13,1.0,2.0,1.0,,,
14,1.0,2.0,1.0,,,
14,1.0,2.0,1.0,,,
13,1.0,2.0,1.0,,,
13,1.0,1.0,1.0,,,
13,1.0,1.0,1.0,,,
13,1.0,1.0,1.0,,,
13,1.0,1.0,1.0,,,
14,1.0,1.0,1.0,,,
14,1.0,1.0,1.0,,,
14,1.0,1.0,1.0,,,
14,1.0,1.0,1.0,,,
14,1.0,1.0,1.0,,,
13,1.0,1.0,1.0,,,
13,1.0,1.0,1.0,,,
13,1.0,1.0,1.0,,,
13,1.0,1.0,1.0,,,
13,1.0,1.0,1.0,,,
13,1.0,1.0,1.0,,,
13,1.0,1.0,1.0,,,
13,1.0,1.0,1.0,,,
13,1.0,1.0,1.0,,,
13,1.0,1.0,1.0,,,
14,1.0,1.0,1.0,,,
13,1.0,1.0,9.0,,,
13,1.0,1.0,10.0,,,
13,1.0,1.0,10.0,,,
13,1.0,1.0,10.0,,,
14,1.0,1.0,10.0,,,
14,1.0,1.0,10.0,,,
13,1.0,1.0,11.0,,,
14,1.0,1.0,11.0,,,
13,1.0,1.0,11.0,,,
13,1.0,1.0,11.0,,,
13,1.0,1.0,10.0,,,
13,1.0,1.0,10.0,,,
13,1.0,1.0,10.0,,,
14,1.0,1.0,9.0,,,
13,1.0,1.0,9.0,,,
13,1.0,1.0,10.0,,,
13,1.0,1.0,10.0,,,
13,1.0,1.0,10.0,,,
13,1.0,1.0,9.0,,,
13,1.0,1.0,9.0,,,
14,1.0,1.0,10.0,,,
14,1.0,1.0,9.0,,,
13,1.0,1.0,8.0,,,
13,1.0,1.0,8.0,,,
13,1.0,1.0,9.0,,,
13,1.0,1.0,9.0,,,
13,1.0,1.0,8.0,,,
13,1.0,1.0,7.0,,,
13,1.0,1.0,7.0,,,
13,1.0,1.0,7.0,,,
14,1.0,1.0,6.0,,,
13,1.0,1.0,6.0,,,
13,1.0,1.0,5.0,,,
13,1.0,1.0,6.0,,,
13,1.0,1.0,5.0,,,
13,1.0,1.0,5.0,,,
13,1.0,1.0,5.0,,,
13,1.0,10.0,5.0,,,
13,1.0,10.0,5.0,,,
13,1.0,11.0,5.0,,,
13,1.0,10.0,5.0,,,
13,1.0,10.0,5.0,,,
13,1.0,9.0,4.0,,,
13,1.0,9.0,3.0,,,
13,1.0,9.0,3.0,,,
13,1.0,9.0,3.0,,,
13,1.0,10.0,3.0,,,
13,1.0,10.0,3.0,,,
13,1.0,10.0,3.0,,,
13,1.0,10.0,3.0,,,
13,1.0,11.0,3.0,,,
13,1.0,11.0,3.0,,,
13,1.0,12.0,3.0,,,
13,1.0,12.0,3.0,,,
13,1.0,10.0,3.0,,,
13,1.0,11.0,3.0,,,
13,1.0,11.0,3.0,,,
13,1.0,11.0,4.0,,,
13,1.0,11.0,4.0,,,
13,1.0,11.0,4.0,,,
13,1.0,11.0,5.0,,,
13,1.0,10.0,4.0,,,
14,1.0,10.0,1.0,,,
13,1.0,10.0,1.0,,,
13,1.0,10.0,3.0,,,
13,1.0,10.0,3.0,,,
13,1.0,10.0,1.0,,,
13,1.0,11.0,1.0,,,
13,1.0,10.0,1.0,,,
13,1.0,11.0,1.0,,,
13,1.0,11.0,1.0,,,
13,1.0,11.0,1.0,,,
14,1.0,10.0,1.0,,,
13,1.0,10.0,1.0,,,
13,1.0,9.0,1.0,,,
13,1.0,11.0,1.0,,,
13,1.0,11.0,1.0,,,
14,1.0,10.0,1.0,,,
14,1.0,8.0,1.0,,,
14,1.0,9.0,1.0,,,
14,1.0,8.0,1.0,,,
14,1.0,9.0,1.0,,,
13,1.0,9.0,1.0,,,
14,1.0,10.0,1.0,,,
14,1.0,8.0,1.0,,,
14,1.0,9.0,1.0,,,
14,1.0,9.0,1.0,,,
13,1.0,9.0,1.0,,,
13,1.0,9.0,1.0,,,
13,1.0,8.0,1.0,,,
13,1.0,9.0,1.0,,,
14,1.0,9.0,1.0,,,
14,1.0,9.0,1.0,,,
13,1.0,8.0,1.0,,,
13,1.0,9.0,1.0,,,
14,1.0,10.0,1.0,,,
14,1.0,8.0,1.0,,,
14,1.0,9.0,1.0,,,
14,1.0,8.0,1.0,,,
14,1.0,9.0,5.0,,,
13,1.0,7.0,4.0,,,
13,1.0,9.0,1.0,,,
14,1.0,9.0,1.0,,,
13,1.0,8.0,1.0,,,
13,1.0,8.0,1.0,,,
13,1.0,8.0,3.0,,,
13,1.0,10.0,3.0,,,
13,1.0,9.0,1.0,,,
13,1.0,9.0,1.0,,,
13,1.0,9.0,1.0,,,
13,1.0,8.0,1.0,,,
13,1.0,8.0,1.0,,,
13,1.0,9.0,1.0,,,
13,1.0,8.0,1.0,,,
13,1.0,8.0,1.0,,,
13,1.0,9.0,1.0,,,
13,1.0,8.0,1.0,,,
13,1.0,9.0,1.0,,,
13,1.0,8.0,1.0,,,
13,1.0,9.0,1.0,,,
13,1.0,7.0,1.0,,,
13,1.0,9.0,1.0,,,
13,1.0,8.0,1.0,,,
13,1.0,7.0,1.0,,,
13,2.0,9.0,1.0,,,
13,1.0,7.0,1.0,,,
13,1.0,9.0,1.0,,,
13,2.0,8.0,1.0,,,
13,1.0,8.0,4.0,,,
13,1.0,7.0,6.0,,,
13,1.0,8.0,8.0,,,
13,1.0,7.0,10.0,,,
13,1.0,8.0,10.0,,,
13,2.0,8.0,9.0,,,
13,2.0,7.0,10.0,,,
13,2.0,6.0,10.0,,,
13,2.0,7.0,11.0,,,
13,2.0,6.0,10.0,,,
13,2.0,6.0,11.0,,,
13,2.0,5.0,11.0,,,
14,2.0,5.0,9.0,,,
14,3.0,5.0,11.0,,,
14,2.0,5.0,12.0,,,
14,3.0,5.0,12.0,,,
14,3.0,4.0,12.0,,,
14,2.0,5.0,12.0,,,
14,,4.0,13.0,,,
14,,4.0,13.0,,,
14,,5.0,12.0,,,
14,,5.0,13.0,,,
13,,5.0,12.0,,,
14,,4.0,13.0,,,
13,,4.0,12.0,,,
14,,5.0,11.0,,,
14,,3.0,12.0,,,
14,,4.0,13.0,,,
14,,3.0,13.0,,,
14,,3.0,12.0,,,
14,,3.0,11.0,,,
14,,3.0,11.0,,,
14,,3.0,11.0,,,
14,,3.0,11.0,,,
14,,3.0,11.0,,,
14,,3.0,,,,
14,,3.0,,,,
14,,3.0,,,,
13,,2.0,,,,
13,,2.0,,,,
14,,2.0,,,,
13,,2.0,,,,
13,,2.0,,,,
13,,2.0,,,,
13,,2.0,,,,
13,,1.0,,,,
13,,1.0,,,,
13,,1.0,,,,
13,,1.0,,,,
13,,1.0,,,,
13,,1.0,,,,
13,,1.0,,,,
13,,1.0,,,,
14,,1.0,,,,
13,,1.0,,,,
13,,1.0,,,,
13,,1.0,,,,
13,,1.0,,,,
13,,1.0,,,,
14,,1.0,,,,
13,,1.0,,,,
14,,1.0,,,,
14,,1.0,,,,
13,,1.0,,,,
13,,1.0,,,,
13,,1.0,,,,
13,,1.0,,,,
13,,1.0,,,,
13,,1.0,,,,
13,,1.0,,,,
13,,1.0,,,,
13,,1.0,,,,
13,,1.0,,,,
13,,1.0,,,,
13,,1.0,,,,
13,,1.0,,,,
13,,1.0,,,,
13,,1.0,,,,
13,,1.0,,,,
13,,1.0,,,,
13,,1.0,,,,
13,,1.0,,,,
13,,1.0,,,,
13,,1.0,,,,
13,,1.0,,,,
13,,1.0,,,,
13,,1.0,,,,
13,,1.0,,,,
13,,1.0,,,,
13,,1.0,,,,
13,,1.0,,,,
13,,1.0,,,,
13,,1.0,,,,
13,,1.0,,,,
13,,1.0,,,,
13,,1.0,,,,
13,,1.0,,,,
13,,1.0,,,,
13,,1.0,,,,
13,,1.0,,,,
13,,1.0,,,,
13,,1.0,,,,
13,,1.0,,,,
13,,1.0,,,,
13,,1.0,,,,
13,,1.0,,,,
13,,1.0,,,,
13,,1.0,,,,
13,,1.0,,,,
13,,1.0,,,,
13,,1.0,,,,
13,,1.0,,,,
13,,,,,,
13,,,,,,
13,,,,,,
13,,,,,,
13,,,,,,
13,,,,,,
13,,,,,,
13,,,,,,
13,,,,,,
13,,,,,,
13,,,,,,
13,,,,,,
13,,,,,,
13,,,,,,
13,,,,,,
13,,,,,,
13,,,,,,
13,,,,,,
13,,,,,,
13,,,,,,
13,,,,,,
14,,,,,,
13,,,,,,
13,,,,,,
13,,,,,,
13,,,,,,
13,,,,,,
13,,,,,,
13,,,,,,
13,,,,,,
13,,,,,,
13,,,,,,
13,,,,,,
13,,,,,,
13,,,,,,
13,,,,,,
13,,,,,,
13,,,,,,
13,,,,,,
13,,,,,,
13,,,,,,
13,,,,,,
13,,,,,,
13,,,,,,
13,,,,,,
13,,,,,,
13,,,,,,
13,,,,,,
13,,,,,,
13,,,,,,
13,,,,,,
13,,,,,,
13,,,,,,
13,,,,,,
13,,,,,,
13,,,,,,
13,,,,,,
13,,,,,,
13,,,,,,
13,,,,,,
13,,,,,,
13,,,,,,
13,,,,,,
13,,,,,,
13,,,,,,
13,,,,,,
13,,,,,,
13,,,,,,
13,,,,,,
13,,,,,,
13,,,,,,
13,,,,,,
13,,,,,,
13,,,,,,
13,,,,,,
13,,,,,,
13,,,,,,
13,,,,,,
13,,,,,,
13,,,,,,
13,,,,,,
13,,,,,,
13,,,,,,
13,,,,,,
13,,,,,,
13,,,,,,
13,,,,,,
13,,,,,,
13,,,,,,
13,,,,,,
13,,,,,,
13,,,,,,
13,,,,,,
13,,,,,,
13,,,,,,
13,,,,,,
13,,,,,,
13,,,,,,
13,,,,,,
13,,,,,,
13,,,,,,
13,,,,,,
13,,,,,,
13,,,,,,
13,,,,,,
13,,,,,,
13,,,,,,
13,,,,,,
13,,,,,,
13,,,,,,
13,,,,,,
13,,,,,,
13,,,,,,
13,,,,,,
13,,,,,,
13,,,,,,
13,,,,,,
13,,,,,,
14,,,,,,
13,,,,,,
13,,,,,,
13,,,,,,
13,,,,,,
13,,,,,,
14,,,,,,
13,,,,,,
14,,,,,,
14,,,,,,
13,,,,,,
14,,,,,,
14,,,,,,
14,,,,,,
13,,,,,,
14,,,,,,
13,,,,,,
13,,,,,,
13,,,,,,
13,,,,,,
13,,,,,,
13,,,,,,
13,,,,,,
13,,,,,,
13,,,,,,
13,,,,,,
13,,,,,,
13,,,,,,
13,,,,,,
13,,,,,,
13,,,,,,
13,,,,,,
13,,,,,,
14,,,,,,
13,,,,,,
14,,,,,,
14,,,,,,
13,,,,,,
13,,,,,,
13,,,,,,
13,,,,,,
13,,,,,,
13,,,,,,
13,,,,,,
13,,,,,,
13,,,,,,
13,,,,,,
13,,,,,,
13,,,,,,
13,,,,,,
13,,,,,,
13,,,,,,
13,,,,,,
13,,,,,,
13,,,,,,
13,,,,,,
13,,,,,,
13,,,,,,
13,,,,,,
13,,,,,,
13,,,,,,
13,,,,,,
13,,,,,,
13,,,,,,
13,,,,,,
13,,,,,,
13,,,,,,
13,,,,,,
13,,,,,,
13,,,,,,
13,,,,,,
13,,,,,,
13,,,,,,
13,,,,,,
13,,,,,,
13,,,,,,
13,,,,,,
13,,,,,,
13,,,,,,
13,,,,,,
13,,,,,,
13,,,,,,
13,,,,,,
14,,,,,,
13,,,,,,
13,,,,,,
13,,,,,,
13,,,,,,
13,,,,,,
13,,,,,,
13,,,,,,
14,,,,,,
14,,,,,,
13,,,,,,
13,,,,,,
13,,,,,,
13,,,,,,
13,,,,,,
13,,,,,,
13,,,,,,
13,,,,,,
13,,,,,,
13,,,,,,
13,,,,,,
13,,,,,,
13,,,,,,
13,,,,,,
13,,,,,,
13,,,,,,
13,,,,,,
13,,,,,,
13,,,,,,
13,,,,,,
13,,,,,,
13,,,,,,
13,,,,,,
13,,,,,,
13,,,,,,
13,,,,,,
13,,,,,,
13,,,,,,
13,,,,,,
13,,,,,,
13,,,,,,
13,,,,,,
13,,,,,,
13,,,,,,
13,,,,,,
13,,,,,,
13,,,,,,
13,,,,,,
13,,,,,,
13,,,,,,
13,,,,,,
13,,,,,,
13,,,,,,
13,,,,,,
13,,,,,,
13,,,,,,
13,,,,,,
13,,,,,,
14,,,,,,
14,,,,,,
14,,,,,,
14,,,,,,
13,,,,,,
14,,,,,,
13,,,,,,
14,,,,,,
14,,,,,,
14,,,,,,
14,,,,,,
14,,,,,,
14,,,,,,
14,,,,,,
14,,,,,,
13,,,,,,
14,,,,,,
13,,,,,,
13,,,,,,
13,,,,,,
14,,,,,,
13,,,,,,
13,,,,,,
13,,,,,,
14,,,,,,
14,,,,,,
14,,,,,,
13,,,,,,
13,,,,,,
13,,,,,,
13,,,,,,
13,,,,,,
13,,,,,,
13,,,,,,
13,,,,,,
14,,,,,,
14,,,,,,
13,,,,,,
13,,,,,,
13,,,,,,
13,,,,,,
13,,,,,,
13,,,,,,
13,,,,,,
13,,,,,,
14,,,,,,
14,,,,,,
13,,,,,,
13,,,,,,
13,,,,,,
13,,,,,,
13,,,,,,
13,,,,,,
14,,,,,,
14,,,,,,
13,,,,,,
14,,,,,,
14,,,,,,
13,,,,,,
14,,,,,,
14,,,,,,
13,,,,,,
13,,,,,,
13,,,,,,
14,,,,,,
14,,,,,,
14,,,,,,
14,,,,,,
14,,,,,,
14,,,,,,
13,,,,,,
13,,,,,,
13,,,,,,
13,,,,,,
13,,,,,,
13,,,,,,
13,,,,,,
13,,,,,,
13,,,,,,
13,,,,,,
13,,,,,,
13,,,,,,
14,,,,,,
14,,,,,,
14,,,,,,
13,,,,,,
13,,,,,,
13,,,,,,
13,,,,,,
13,,,,,,
13,,,,,,
13,,,,,,
14,,,,,,
13,,,,,,
13,,,,,,
13,,,,,,
13,,,,,,
13,,,,,,
13,,,,,,
13,,,,,,
13,,,,,,
13,,,,,,
14,,,,,,
14,,,,,,
13,,,,,,
13,,,,,,
14,,,,,,
14,,,,,,
13,,,,,,
14,,,,,,
14,,,,,,
13,,,,,,
14,,,,,,
13,,,,,,
14,,,,,,
14,,,,,,
13,,,,,,
14,,,,,,
14,,,,,,
13,,,,,,
13,,,,,,
13,,,,,,
13,,,,,,
14,,,,,,
14,,,,,,
14,,,,,,
14,,,,,,
13,,,,,,
13,,,,,,
13,,,,,,
13,,,,,,
13,,,,,,
14,,,,,,
13,,,,,,
14,,,,,,
14,,,,,,
14,,,,,,
14,,,,,,
14,,,,,,
13,,,,,,
14,,,,,,
14,,,,,,
13,,,,,,
14,,,,,,
14,,,,,,
14,,,,,,
14,,,,,,
14,,,,,,
14,,,,,,
13,,,,,,
13,,,,,,
14,,,,,,
14,,,,,,
14,,,,,,
13,,,,,,
13,,,,,,
13,,,,,,
13,,,,,,
13,,,,,,
13,,,,,,
14,,,,,,
13,,,,,,
13,,,,,,
13,,,,,,
13,,,,,,
13,,,,,,
14,,,,,,
14,,,,,,
13,,,,,,
13,,,,,,
13,,,,,,
13,,,,,,
14,,,,,,
13,,,,,,
13,,,,,,
13,,,,,,
13,,,,,,
13,,,,,,
13,,,,,,
13,,,,,,
14,,,,,,
13,,,,,,
13,,,,,,
13,,,,,,
14,,,,,,
13,,,,,,
14,,,,,,
14,,,,,,
14,,,,,,
14,,,,,,
14,,,,,,
14,,,,,,
14,,,,,,
13,,,,,,
14,,,,,,
13,,,,,,
14,,,,,,
14,,,,,,
14,,,,,,
14,,,,,,
13,,,,,,
14,,,,,,
14,,,,,,
14,,,,,,
14,,,,,,
14,,,,,,
14,,,,,,
14,,,,,,
14,,,,,,
14,,,,,,
13,,,,,,
14,,,,,,
14,,,,,,
14,,,,,,
14,,,,,,
14,,,,,,
14,,,,,,
14,,,,,,
14,,,,,,
14,,,,,,
14,,,,,,
14,,,,,,
14,,,,,,
14,,,,,,
14,,,,,,
14,,,,,,
14,,,,,,
14,,,,,,
14,,,,,,
14,,,,,,
14,,,,,,
14,,,,,,
14,,,,,,
14,,,,,,
14,,,,,,
14,,,,,,
14,,,,,,
13,,,,,,
14,,,,,,
13,,,,,,
13,,,,,,
13,,,,,,
13,,,,,,
13,,,,,,
13,,,,,,
13,,,,,,
13,,,,,,
13,,,,,,
13,,,,,,
13,,,,,,
13,,,,,,
13,,,,,,
13,,,,,,
13,,,,,,
13,,,,,,
13,,,,,,
13,,,,,,
13,,,,,,
13,,,,,,
13,,,,,,
13,,,,,,
13,,,,,,
13,,,,,,
13,,,,,,
13,,,,,,
14,,,,,,
13,,,,,,
13,,,,,,
13,,,,,,
14,,,,,,
13,,,,,,
14,,,,,,
13,,,,,,
14,,,,,,
14,,,,,,
14,,,,,,
13,,,,,,
13,,,,,,
13,,,,,,
14,,,,,,
13,,,,,,
14,,,,,,
14,,,,,,
13,,,,,,
14,,,,,,
14,,,,,,
14,,,,,,
13,,,,,,
13,,,,,,
13,,,,,,
13,,,,,,
13,,,,,,
13,,,,,,
13,,,,,,
13,,,,,,
13,,,,,,
13,,,,,,
13,,,,,,
13,,,,,,
13,,,,,,
13,,,,,,
13,,,,,,
13,,,,,,
13,,,,,,
13,,,,,,
13,,,,,,
13,,,,,,
13,,,,,,
13,,,,,,
13,,,,,,
13,,,,,,
13,,,,,,
13,,,,,,
13,,,,,,
13,,,,,,
13,,,,,,
13,,,,,,
13,,,,,,
13,,,,,,
13,,,,,,
13,,,,,,
13,,,,,,
13,,,,,,
13,,,,,,
13,,,,,,
13,,,,,,
13,,,,,,
13,,,,,,
13,,,,,,
13,,,,,,
13,,,,,,
13,,,,,,
13,,,,,,
13,,,,,,
13,,,,,,
13,,,,,,
13,,,,,,
13,,,,,,
13,,,,,,
13,,,,,,
13,,,,,,
13,,,,,,
13,,,,,,
13,,,,,,
13,,,,,,
13,,,,,,
13,,,,,,
13,,,,,,
13,,,,,,
13,,,,,,
13,,,,,,
13,,,,,,
13,,,,,,
13,,,,,,
13,,,,,,
13,,,,,,
13,,,,,,
13,,,,,,
13,,,,,,
13,,,,,,
13,,,,,,
13,,,,,,
13,,,,,,
13,,,,,,
13,,,,,,
13,,,,,,
13,,,,,,
13,,,,,,
13,,,,,,
13,,,,,,
13,,,,,,
13,,,,,,
13,,,,,,
13,,,,,,
13,,,,,,
13,,,,,,
13,,,,,,
13,,,,,,
13,,,,,,
13,,,,,,
13,,,,,,
13,,,,,,
13,,,,,,
13,,,,,,
13,,,,,,
13,,,,,,
13,,,,,,
13,,,,,,
13,,,,,,
13,,,,,,
13,,,,,,
13,,,,,,
13,,,,,,
13,,,,,,
13,,,,,,
13,,,,,,
13,,,,,,
13,,,,,,
13,,,,,,
13,,,,,,
13,,,,,,
13,,,,,,
13,,,,,,
13,,,,,,
13,,,,,,
13,,,,,,
14,,,,,,
13,,,,,,
13,,,,,,
13,,,,,,
13,,,,,,
13,,,,,,
13,,,,,,
13,,,,,,
13,,,,,,
13,,,,,,
13,,,,,,
13,,,,,,
13,,,,,,
13,,,,,,
13,,,,,,
13,,,,,,
13,,,,,,
13,,,,,,
13,,,,,,
13,,,,,,
13,,,,,,
13,,,,,,
13,,,,,,
13,,,,,,
13,,,,,,
13,,,,,,
13,,,,,,
13,,,,,,
13,,,,,,
13,,,,,,
13,,,,,,
13,,,,,,
13,,,,,,
13,,,,,,
13,,,,,,
13,,,,,,
13,,,,,,
13,,,,,,
13,,,,,,
13,,,,,,
13,,,,,,
13,,,,,,
13,,,,,,
13,,,,,,
13,,,,,,
13,,,,,,
13,,,,,,
13,,,,,,
13,,,,,,
13,,,,,,
13,,,,,,
13,,,,,,
13,,,,,,
13,,,,,,
13,,,,,,
13,,,,,,
13,,,,,,
13,,,,,,
13,,,,,,
13,,,,,,
13,,,,,,
13,,,,,,
13,,,,,,
13,,,,,,
13,,,,,,
13,,,,,,
13,,,,,,
13,,,,,,
13,,,,,,
13,,,,,,
13,,,,,,
13,,,,,,
13,,,,,,
13,,,,,,
13,,,,,,
13,,,,,,
13,,,,,,
13,,,,,,
13,,,,,,
13,,,,,,
13,,,,,,
13,,,,,,
13,,,,,,
13,,,,,,
13,,,,,,
13,,,,,,
13,,,,,,
13,,,,,,
13,,,,,,
13,,,,,,
13,,,,,,
13,,,,,,
13,,,,,,
13,,,,,,
13,,,,,,
13,,,,,,
13,,,,,,
13,,,,,,
13,,,,,,
13,,,,,,
13,,,,,,
13,,,,,,
13,,,,,,
13,,,,,,
13,,,,,,
13,,,,,,
13,,,,,,
13,,,,,,
13,,,,,,
13,,,,,,
13,,,,,,
13,,,,,,
13,,,,,,
13,,,,,,
13,,,,,,
13,,,,,,
13,,,,,,
13,,,,,,
13,,,,,,
13,,,,,,
13,,,,,,
13,,,,,,
13,,,,,,
13,,,,,,
13,,,,,,
13,,,,,,
13,,,,,,
13,,,,,,
13,,,,,,
13,,,,,,
13,,,,,,
13,,,,,,
13,,,,,,
13,,,,,,
13,,,,,,
13,,,,,,
13,,,,,,
13,,,,,,
13,,,,,,
13,,,,,,
13,,,,,,
13,,,,,,
13,,,,,,
13,,,,,,
13,,,,,,
13,,,,,,
13,,,,,,
13,,,,,,
13,,,,,,
13,,,,,,
13,,,,,,
13,,,,,,
13,,,,,,
13,,,,,,
13,,,,,,
13,,,,,,
13,,,,,,
13,,,,,,
13,,,,,,
13,,,,,,
13,,,,,,
13,,,,,,
13,,,,,,
13,,,,,,
13,,,,,,
13,,,,,,
13,,,,,,
13,,,,,,
13,,,,,,
13,,,,,,
13,,,,,,
13,,,,,,
13,,,,,,
13,,,,,,
13,,,,,,
13,,,,,,
13,,,,,,
13,,,,,,
13,,,,,,
13,,,,,,
13,,,,,,
13,,,,,,
13,,,,,,
13,,,,,,
13,,,,,,
13,,,,,,
13,,,,,,
13,,,,,,
13,,,,,,
13,,,,,,
13,,,,,,
13,,,,,,
13,,,,,,
13,,,,,,
13,,,,,,
13,,,,,,
13,,,,,,
13,,,,,,
13,,,,,,
13,,,,,,
13,,,,,,
13,,,,,,
13,,,,,,
13,,,,,,
13,,,,,,
13,,,,,,
13,,,,,,
14,,,,,,
14,,,,,,
13,,,,,,
14,,,,,,
14,,,,,,
14,,,,,,
14,,,,,,
14,,,,,,
14,,,,,,
13,,,,,,
13,,,,,,
14,,,,,,
14,,,,,,
13,,,,,,
14,,,,,,
13,,,,,,
13,,,,,,
13,,,,,,
13,,,,,,
13,,,,,,
13,,,,,,
13,,,,,,
13,,,,,,
13,,,,,,
13,,,,,,
13,,,,,,
13,,,,,,
13,,,,,,
13,,,,,,
13,,,,,,
13,,,,,,
13,,,,,,
14,,,,,,
13,,,,,,
13,,,,,,
14,,,,,,
14,,,,,,
14,,,,,,
14,,,,,,
13,,,,,,
14,,,,,,
14,,,,,,
14,,,,,,
13,,,,,,
14,,,,,,
14,,,,,,
14,,,,,,
14,,,,,,
14,,,,,,
14,,,,,,
13,,,,,,
14,,,,,,
14,,,,,,
14,,,,,,
14,,,,,,
14,,,,,,
14,,,,,,
14,,,,,,
14,,,,,,
14,,,,,,
14,,,,,,
13,,,,,,
13,,,,,,
13,,,,,,
13,,,,,,
13,,,,,,
13,,,,,,
13,,,,,,
13,,,,,,
14,,,,,,
13,,,,,,
13,,,,,,
13,,,,,,
13,,,,,,
13,,,,,,
14,,,,,,
13,,,,,,
14,,,,,,
13,,,,,,
13,,,,,,
14,,,,,,
14,,,,,,
14,,,,,,
14,,,,,,
14,,,,,,
14,,,,,,
14,,,,,,
13,,,,,,
14,,,,,,
14,,,,,,
14,,,,,,
14,,,,,,
13,,,,,,
13,,,,,,
13,,,,,,
13,,,,,,
13,,,,,,
13,,,,,,
14,,,,,,
14,,,,,,
14,,,,,,
14,,,,,,
14,,,,,,
14,,,,,,
14,,,,,,
14,,,,,,
13,,,,,,
14,,,,,,
14,,,,,,
13,,,,,,
14,,,,,,
14,,,,,,
14,,,,,,
13,,,,,,
14,,,,,,
14,,,,,,
14,,,,,,
14,,,,,,
14,,,,,,
14,,,,,,
14,,,,,,
13,,,,,,
13,,,,,,
13,,,,,,
14,,,,,,
14,,,,,,
14,,,,,,
14,,,,,,
14,,,,,,
14,,,,,,
13,,,,,,
13,,,,,,
13,,,,,,
13,,,,,,
14,,,,,,
14,,,,,,
14,,,,,,
14,,,,,,
14,,,,,,
13,,,,,,
13,,,,,,
14,,,,,,
14,,,,,,
14,,,,,,
13,,,,,,
13,,,,,,
13,,,,,,
14,,,,,,
14,,,,,,
14,,,,,,
14,,,,,,
13,,,,,,
14,,,,,,
13,,,,,,
14,,,,,,
14,,,,,,
14,,,,,,
14,,,,,,
13,,,,,,
14,,,,,,
13,,,,,,
13,,,,,,
13,,,,,,
14,,,,,,
14,,,,,,
13,,,,,,
13,,,,,,
13,,,,,,
14,,,,,,
14,,,,,,
13,,,,,,
13,,,,,,
13,,,,,,
13,,,,,,
14,,,,,,
14,,,,,,
14,,,,,,
14,,,,,,
14,,,,,,
14,,,,,,
14,,,,,,
14,,,,,,
14,,,,,,
14,,,,,,
14,,,,,,
14,,,,,,
14,,,,,,
14,,,,,,
14,,,,,,
14,,,,,,
14,,,,,,
14,,,,,,
14,,,,,,
14,,,,,,
14,,,,,,
14,,,,,,
14,,,,,,
14,,,,,,
14,,,,,,
14,,,,,,
14,,,,,,
14,,,,,,
14,,,,,,
14,,,,,,
14,,,,,,
14,,,,,,
14,,,,,,
14,,,,,,
14,,,,,,
13,,,,,,
13,,,,,,
14,,,,,,
14,,,,,,
14,,,,,,
14,,,,,,
14,,,,,,
14,,,,,,
14,,,,,,
14,,,,,,
14,,,,,,
14,,,,,,
14,,,,,,
14,,,,,,
14,,,,,,
14,,,,,,
14,,,,,,
14,,,,,,
14,,,,,,
14,,,,,,
14,,,,,,
14,,,,,,
14,,,,,,
14,,,,,,
14,,,,,,
14,,,,,,
13,,,,,,
13,,,,,,
13,,,,,,
13,,,,,,
13,,,,,,
12,,,,,,
12,,,,,,
12,,,,,,
12,,,,,,
13,,,,,,
13,,,,,,
14,,,,,,
13,,,,,,
14,,,,,,
14,,,,,,
14,,,,,,
14,,,,,,
14,,,,,,
14,,,,,,
14,,,,,,
13,,,,,,
13,,,,,,
13,,,,,,
13,,,,,,
13,,,,,,
13,,,,,,
13,,,,,,
13,,,,,,
13,,,,,,
13,,,,,,
14,,,,,,
14,,,,,,
14,,,,,,
14,,,,,,
14,,,,,,
14,,,,,,
13,,,,,,
13,,,,,,
14,,,,,,
14,,,,,,
13,,,,,,
13,,,,,,
14,,,,,,
13,,,,,,
14,,,,,,
14,,,,,,
14,,,,,,
14,,,,,,
14,,,,,,
14,,,,,,
14,,,,,,
14,,,,,,
13,,,,,,
13,,,,,,
13,,,,,,
13,,,,,,
13,,,,,,
13,,,,,,
13,,,,,,
13,,,,,,
13,,,,,,
12,,,,,,
13,,,,,,
13,,,,,,
13,,,,,,
13,,,,,,
13,,,,,,
13,,,,,,
13,,,,,,
12,,,,,,
13,,,,,,
13,,,,,,
13,,,,,,
13,,,,,,
13,,,,,,
13,,,,,,
13,,,,,,
13,,,,,,
13,,,,,,
13,,,,,,
13,,,,,,
13,,,,,,
13,,,,,,
13,,,,,,
13,,,,,,
13,,,,,,
13,,,,,,
13,,,,,,
13,,,,,,
13,,,,,,
13,,,,,,
13,,,,,,
13,,,,,,
13,,,,,,
13,,,,,,
13,,,,,,
13,,,,,,
13,,,,,,
13,,,,,,
13,,,,,,
13,,,,,,
13,,,,,,
13,,,,,,
13,,,,,,
13,,,,,,
13,,,,,,
13,,,,,,
12,,,,,,
13,,,,,,
13,,,,,,
13,,,,,,
12,,,,,,
13,,,,,,
13,,,,,,
13,,,,,,
12,,,,,,
13,,,,,,
13,,,,,,
13,,,,,,
13,,,,,,
13,,,,,,
13,,,,,,
13,,,,,,
13,,,,,,
13,,,,,,
13,,,,,,
13,,,,,,
13,,,,,,
13,,,,,,
13,,,,,,
13,,,,,,
13,,,,,,
13,,,,,,
13,,,,,,
13,,,,,,
13,,,,,,
12,,,,,,
13,,,,,,
13,,,,,,
13,,,,,,
13,,,,,,
13,,,,,,
13,,,,,,
13,,,,,,
12,,,,,,
13,,,,,,
13,,,,,,
12,,,,,,
13,,,,,,
13,,,,,,
13,,,,,,
12,,,,,,
13,,,,,,
12,,,,,,
13,,,,,,
12,,,,,,
12,,,,,,
13,,,,,,
12,,,,,,
12,,,,,,
13,,,,,,
13,,,,,,
13,,,,,,
13,,,,,,
12,,,,,,
12,,,,,,
13,,,,,,
13,,,,,,
12,,,,,,
13,,,,,,
13,,,,,,
12,,,,,,
13,,,,,,
13,,,,,,
12,,,,,,
13,,,,,,
13,,,,,,
13,,,,,,
13,,,,,,
13,,,,,,
13,,,,,,
13,,,,,,
12,,,,,,
13,,,,,,
13,,,,,,
13,,,,,,
13,,,,,,
13,,,,,,
13,,,,,,
13,,,,,,
13,,,,,,
12,,,,,,
13,,,,,,
12,,,,,,
12,,,,,,
12,,,,,,
11,,,,,,
12,,,,,,
12,,,,,,
11,,,,,,
13,,,,,,
12,,,,,,
12,,,,,,
13,,,,,,
11,,,,,,
12,,,,,,
13,,,,,,
11,,,,,,
12,,,,,,
13,,,,,,
13,,,,,,
11,,,,,,
12,,,,,,
12,,,,,,
11,,,,,,
12,,,,,,
11,,,,,,
11,,,,,,
12,,,,,,
11,,,,,,
12,,,,,,
11,,,,,,
11,,,,,,
12,,,,,,
11,,,,,,
11,,,,,,
11,,,,,,
11,,,,,,
9,,,,,,
11,,,,,,
11,,,,,,
10,,,,,,
11,,,,,,
11,,,,,,
12,,,,,,
12,,,,,,
11,,,,,,
11,,,,,,
11,,,,,,
11,,,,,,
11,,,,,,
11,,,,,,
11,,,,,,
10,,,,,,
12,,,,,,
12,,,,,,
11,,,,,,
11,,,,,,
10,,,,,,
12,,,,,,
11,,,,,,
11,,,,,,
12,,,,,,
11,,,,,,
11,,,,,,
12,,,,,,
10,,,,,,
12,,,,,,
11,,,,,,
10,,,,,,
12,,,,,,
10,,,,,,
10,,,,,,
12,,,,,,
10,,,,,,
10,,,,,,
11,,,,,,
10,,,,,,
11,,,,,,
11,,,,,,
11,,,,,,
10,,,,,,
12,,,,,,
11,,,,,,
11,,,,,,
11,,,,,,
11,,,,,,
11,,,,,,
11,,,,,,
10,,,,,,
11,,,,,,
10,,,,,,
10,,,,,,
10,,,,,,
10,,,,,,
11,,,,,,
10,,,,,,
11,,,,,,
11,,,,,,
10,,,,,,
10,,,,,,
11,,,,,,
10,,,,,,
10,,,,,,
10,,,,,,
10,,,,,,
11,,,,,,
10,,,,,,
10,,,,,,
10,,,,,,
10,,,,,,
10,,,,,,
10,,,,,,
10,,,,,,
11,,,,,,
11,,,,,,
10,,,,,,
10,,,,,,
11,,,,,,
10,,,,,,
9,,,,,,
11,,,,,,
11,,,,,,
10,,,,,,
11,,,,,,
11,,,,,,
11,,,,,,
9,,,,,,
10,,,,,,
11,,,,,,
10,,,,,,
10,,,,,,
10,,,,,,
9,,,,,,
10,,,,,,
10,,,,,,
10,,,,,,
10,,,,,,
10,,,,,,
9,,,,,,
11,,,,,,
10,,,,,,
9,,,,,,
9,,,,,,
9,,,,,,
8,,,,,,
9,,,,,,
9,,,,,,
9,,,,,,
9,,,,,,
10,,,,,,
8,,,,,,
9,,,,,,
10,,,,,,
9,,,,,,
8,,,,,,
10,,,,,,
10,,,,,,
9,,,,,,
9,,,,,,
10,,,,,,
10,,,,,,
9,,,,,,
11,,,,,,
10,,,,,,
9,,,,,,
10,,,,,,
10,,,,,,
9,,,,,,
10,,,,,,
10,,,,,,
10,,,,,,
10,,,,,,
10,,,,,,
9,,,,,,
10,,,,,,
10,,,,,,
9,,,,,,
9,,,,,,
10,,,,,,
10,,,,,,
10,,,,,,
10,,,,,,
10,,,,,,
8,,,,,,
9,,,,,,
9,,,,,,
9,,,,,,
8,,,,,,
8,,,,,,
9,,,,,,
8,,,,,,
9,,,,,,
10,,,,,,
9,,,,,,
9,,,,,,
9,,,,,,
8,,,,,,
9,,,,,,
8,,,,,,
7,,,,,,
9,,,,,,
9,,,,,,
7,,,,,,
9,,,,,,
10,,,,,,
8,,,,,,
9,,,,,,
8,,,,,,
7,,,,,,
8,,,,,,
8,,,,,,
7,,,,,,
8,,,,,,
8,,,,,,
7,,,,,,
7,,,,,,
8,,,,,,
8,,,,,,
8,,,,,,
7,,,,,,
9,,,,,,
8,,,,,,
8,,,,,,
8,,,,,,
8,,,,,,
7,,,,,,
7,,,,,,
8,,,,,,
7,,,,,,
7,,,,,,
7,,,,,,
7,,,,,,
5,,,,,,
6,,,,,,
6,,,,,,
5,,,,,,
5,,,,,,
6,,,,,,
5,,,,,,
9,,,,,,
6,,,,,,
6,,,,,,
8,,,,,,
7,,,,,,
5,,,,,,
8,,,,,,
7,,,,,,
5,,,,,,
7,,,,,,
7,,,,,,
4,,,,,,
6,,,,,,
3,,,,,,
3,,,,,,
6,,,,,,
6,,,,,,
5,,,,,,
5,,,,,,
3,,,,,,
3,,,,,,
6,,,,,,
5,,,,,,
4,,,,,,
5,,,,,,
5,,,,,,
5,,,,,,
4,,,,,,
8,,,,,,
9,,,,,,
6,,,,,,
7,,,,,,
7,,,,,,
7,,,,,,
7,,,,,,
7,,,,,,
10,,,,,,
8,,,,,,
6,,,,,,
6,,,,,,
7,,,,,,
8,,,,,,
8,,,,,,
9,,,,,,
8,,,,,,
8,,,,,,
8,,,,,,
7,,,,,,
13,,,,,,
8,,,,,,
8,,,,,,
8,,,,,,
7,,,,,,
8,,,,,,
8,,,,,,
8,,,,,,
9,,,,,,
8,,,,,,
7,,,,,,
8,,,,,,
7,,,,,,
9,,,,,,
8,,,,,,
7,,,,,,
9,,,,,,
8,,,,,,
8,,,,,,
12,,,,,,
8,,,,,,
7,,,,,,
8,,,,,,
8,,,,,,
7,,,,,,
12,,,,,,
9,,,,,,
8,,,,,,
7,,,,,,
9,,,,,,
9,,,,,,
8,,,,,,
10,,,,,,
8,,,,,,
8,,,,,,
10,,,,,,
10,,,,,,
11,,,,,,
9,,,,,,
9,,,,,,
9,,,,,,
8,,,,,,
10,,,,,,
10,,,,,,
12,,,,,,
8,,,,,,
10,,,,,,
10,,,,,,
11,,,,,,
12,,,,,,
10,,,,,,
9,,,,,,
10,,,,,,
10,,,,,,
12,,,,,,
11,,,,,,
11,,,,,,
11,,,,,,
12,,,,,,
12,,,,,,
10,,,,,,
14,,,,,,
13,,,,,,
13,,,,,,
11,,,,,,
12,,,,,,
14,,,,,,
13,,,,,,
12,,,,,,
12,,,,,,
13,,,,,,
13,,,,,,
11,,,,,,
13,,,,,,
12,,,,,,
13,,,,,,
13,,,,,,
14,,,,,,
11,,,,,,
11,,,,,,
11,,,,,,
13,,,,,,
14,,,,,,
1,,,,,,
1,,,,,,
1,,,,,,
12,,,,,,
10,,,,,,
13,,,,,,
12,,,,,,
11,,,,,,
11,,,,,,
11,,,,,,
9,,,,,,
12,,,,,,
13,,,,,,
12,,,,,,
12,,,,,,
13,,,,,,
13,,,,,,
13,,,,,,
13,,,,,,
12,,,,,,
12,,,,,,
8,,,,,,
8,,,,,,
11,,,,,,
11,,,,,,
11,,,,,,
11,,,,,,
14,,,,,,
14,,,,,,
13,,,,,,
13,,,,,,
12,,,,,,
12,,,,,,
9,,,,,,
9,,,,,,
11,,,,,,
11,,,,,,
10,,,,,,
10,,,,,,
12,,,,,,
12,,,,,,
13,,,,,,
13,,,,,,
12,,,,,,
12,,,,,,
9,,,,,,
9,,,,,,
8,,,,,,
8,,,,,,
9,,,,,,
9,,,,,,
13,,,,,,
13,,,,,,
13,,,,,,
13,,,,,,
10,,,,,,
10,,,,,,
10,,,,,,
8,,,,,,
10,,,,,,
8,,,,,,
11,,,,,,
1,,,,,,
1,,,,,,
1,,,,,,
1,,,,,,
1,,,,,,
1,,,,,,
1,,,,,,
1,,,,,,
1,,,,,,
1,,,,,,
1,,,,,,
1,,,,,,
1,,,,,,
1,,,,,,
1,,,,,,
1,,,,,,
1,,,,,,
1,,,,,,
1,,,,,,
1,,,,,,
1,,,,,,
1,,,,,,
1,,,,,,
1,,,,,,
1,,,,,,
1,,,,,,
1,,,,,,
1,,,,,,
1,,,,,,
1,,,,,,
1,,,,,,
1,,,,,,
1,,,,,,
1,,,,,,
1,,,,,,
1,,,,,,
1,,,,,,
1,,,,,,
1,,,,,,
1,,,,,,
1,,,,,,
1,,,,,,
1,,,,,,
1,,,,,,
1,,,,,,
1,,,,,,
1,,,,,,
1,,,,,,
1,,,,,,
1,,,,,,
1,,,,,,
1,,,,,,
1,,,,,,
1,,,,,,
1,,,,,,
1,,,,,,
1,,,,,,
1,,,,,,
1,,,,,,
1,,,,,,
1,,,,,,
1,,,,,,
1,,,,,,
1,,,,,,
1,,,,,,
1,,,,,,
1,,,,,,
1,,,,,,
1,,,,,,
1,,,,,,
1,,,,,,
11,,,,,,
10,,,,,,
10,,,,,,
8,,,,,,
9,,,,,,
9,,,,,,
9,,,,,,
8,,,,,,
8,,,,,,
9,,,,,,
9,,,,,,
9,,,,,,
9,,,,,,
10,,,,,,
9,,,,,,
